{"stats":{"minecraft:mined":{"minecraft:oak_log":1,"minecraft:grass_block":1,"minecraft:oak_leaves":2,"minecraft:bee_nest":1},"minecraft:picked_up":{"minecraft:oak_log":1,"minecraft:dirt":1},"minecraft:used":{"minecraft:oak_log":1,"minecraft:dirt":1},"minecraft:custom":{"minecraft:jump":110,"minecraft:leave_game":1,"minecraft:time_since_rest":1553,"minecraft:deaths":1,"minecraft:walk_on_water_one_cm":174,"minecraft:sprint_one_cm":10362,"minecraft:play_time":3007,"minecraft:damage_taken":330,"minecraft:time_since_death":1515,"minecraft:walk_one_cm":6475,"minecraft:total_world_time":3007,"minecraft:walk_under_water_one_cm":203,"minecraft:swim_one_cm":1606,"minecraft:fall_one_cm":6470,"minecraft:fly_one_cm":13230}},"DataVersion":3465}