{"stats":{"minecraft:custom":{"minecraft:time_since_rest":2059,"minecraft:deaths":2,"minecraft:sprint_one_cm":18739,"minecraft:play_time":27867,"minecraft:damage_taken":620,"minecraft:walk_one_cm":16847,"minecraft:sneak_time":26,"minecraft:walk_under_water_one_cm":203,"minecraft:jump":304,"minecraft:leave_game":6,"minecraft:walk_on_water_one_cm":174,"minecraft:time_since_death":2591,"minecraft:total_world_time":27867,"minecraft:swim_one_cm":1606,"minecraft:fall_one_cm":10773,"minecraft:fly_one_cm":195135},"minecraft:used":{"create_jetpack:netherite_jetpack":1,"minecraft:oak_log":1,"securitycraft:camera_monitor":1,"minecraft:dirt":3,"minecraft:grass_block":1,"securitycraft:security_camera":2},"minecraft:picked_up":{"minecraft:oak_log":1,"minecraft:dirt":3},"minecraft:mined":{"minecraft:grass_block":3,"minecraft:oak_log":1,"minecraft:oak_leaves":2,"minecraft:bee_nest":1}},"DataVersion":3465}