{"stats":{"minecraft:custom":{"minecraft:time_since_rest":14541,"minecraft:deaths":1,"minecraft:sprint_one_cm":14783,"minecraft:play_time":15995,"minecraft:damage_taken":350,"minecraft:walk_one_cm":10080,"minecraft:sneak_time":16,"minecraft:walk_under_water_one_cm":203,"minecraft:jump":194,"minecraft:leave_game":4,"minecraft:walk_on_water_one_cm":174,"minecraft:time_since_death":14503,"minecraft:total_world_time":15995,"minecraft:swim_one_cm":1606,"minecraft:fall_one_cm":7292,"minecraft:fly_one_cm":110541},"minecraft:used":{"create_jetpack:netherite_jetpack":1,"minecraft:oak_log":1,"securitycraft:camera_monitor":1,"minecraft:dirt":1,"securitycraft:security_camera":2},"minecraft:mined":{"minecraft:grass_block":1,"minecraft:oak_log":1,"minecraft:oak_leaves":2,"minecraft:bee_nest":1},"minecraft:picked_up":{"minecraft:oak_log":1,"minecraft:dirt":1}},"DataVersion":3465}