{
  "minecraft:recipes/decorations/crafting_table": {
    "criteria": {
      "unlock_right_away": "2024-09-01 17:16:44 +0000"
    },
    "done": true
  },
  "minecraft:adventure/adventuring_time": {
    "criteria": {
      "minecraft:forest": "2024-09-01 17:16:46 +0000"
    },
    "done": false
  },
  "minecraft:recipes/transportation/mangrove_boat": {
    "criteria": {
      "in_water": "2024-09-01 17:17:53 +0000"
    },
    "done": true
  },
  "minecraft:recipes/transportation/acacia_boat": {
    "criteria": {
      "in_water": "2024-09-01 17:17:53 +0000"
    },
    "done": true
  },
  "minecraft:recipes/transportation/cherry_boat": {
    "criteria": {
      "in_water": "2024-09-01 17:17:53 +0000"
    },
    "done": true
  },
  "minecraft:recipes/transportation/bamboo_raft": {
    "criteria": {
      "in_water": "2024-09-01 17:17:53 +0000"
    },
    "done": true
  },
  "minecraft:recipes/transportation/spruce_boat": {
    "criteria": {
      "in_water": "2024-09-01 17:17:53 +0000"
    },
    "done": true
  },
  "minecraft:recipes/transportation/birch_boat": {
    "criteria": {
      "in_water": "2024-09-01 17:17:53 +0000"
    },
    "done": true
  },
  "minecraft:recipes/transportation/oak_boat": {
    "criteria": {
      "in_water": "2024-09-01 17:17:53 +0000"
    },
    "done": true
  },
  "minecraft:recipes/transportation/jungle_boat": {
    "criteria": {
      "in_water": "2024-09-01 17:17:53 +0000"
    },
    "done": true
  },
  "minecraft:recipes/transportation/dark_oak_boat": {
    "criteria": {
      "in_water": "2024-09-01 17:17:53 +0000"
    },
    "done": true
  },
  "minecraft:recipes/misc/charcoal": {
    "criteria": {
      "has_log": "2024-09-01 17:18:13 +0000"
    },
    "done": true
  },
  "minecraft:recipes/building_blocks/oak_planks": {
    "criteria": {
      "has_logs": "2024-09-01 17:18:13 +0000"
    },
    "done": true
  },
  "minecraft:recipes/building_blocks/oak_wood": {
    "criteria": {
      "has_log": "2024-09-01 17:18:13 +0000"
    },
    "done": true
  },
  "create:root": {
    "criteria": {
      "0": "2024-09-01 19:02:33 +0000"
    },
    "done": true
  },
  "mcwfencesbop:recipes/flowering_oak_hedge": {
    "criteria": {
      "has_birch": "2024-09-01 19:19:22 +0000"
    },
    "done": true
  },
  "mcwfencesbop:recipes/origin_hedge": {
    "criteria": {
      "has_birch": "2024-09-01 19:19:22 +0000"
    },
    "done": true
  },
  "mcwfencesbop:recipes/maple_hedge": {
    "criteria": {
      "has_birch": "2024-09-01 19:19:22 +0000"
    },
    "done": true
  },
  "mcwfences:recipes/dark_oak": {
    "criteria": {
      "has_dark_oak": "2024-09-01 19:19:22 +0000"
    },
    "done": true
  },
  "mcwfences:recipes/crimson": {
    "criteria": {
      "has_crimson": "2024-09-01 19:19:22 +0000"
    },
    "done": true
  },
  "mcwfences:recipes/prismarine": {
    "criteria": {
      "has_qq": "2024-09-01 19:19:22 +0000"
    },
    "done": true
  },
  "mcwfences:recipes/quartz": {
    "criteria": {
      "has_qq": "2024-09-01 19:19:22 +0000"
    },
    "done": true
  },
  "mcwfences:recipes/jungle": {
    "criteria": {
      "has_jungle": "2024-09-01 19:19:22 +0000"
    },
    "done": true
  },
  "mcwfencesbop:recipes/willow": {
    "criteria": {
      "has_acacia": "2024-09-01 19:19:22 +0000"
    },
    "done": true
  },
  "mcwfences:recipes/mangrove": {
    "criteria": {
      "has_mangrove": "2024-09-01 19:19:22 +0000"
    },
    "done": true
  },
  "mcwfences:recipes/warped": {
    "criteria": {
      "has_warped": "2024-09-01 19:19:22 +0000"
    },
    "done": true
  },
  "mcwfencesbop:recipes/mahogany": {
    "criteria": {
      "has_acacia": "2024-09-01 19:19:22 +0000"
    },
    "done": true
  },
  "mcwfences:recipes/nether": {
    "criteria": {
      "has_nether_brick": "2024-09-01 19:19:22 +0000"
    },
    "done": true
  },
  "mcwfencesbop:recipes/dead": {
    "criteria": {
      "has_acacia": "2024-09-01 19:19:22 +0000"
    },
    "done": true
  },
  "mcwfencesbop:recipes/redwood": {
    "criteria": {
      "has_acacia": "2024-09-01 19:19:22 +0000"
    },
    "done": true
  },
  "mcwfences:recipes/bamboo": {
    "criteria": {
      "has_bamboo": "2024-09-01 19:19:22 +0000"
    },
    "done": true
  },
  "mcwfencesbop:recipes/orange_autumn_hedge": {
    "criteria": {
      "has_birch": "2024-09-01 19:19:22 +0000"
    },
    "done": true
  },
  "mcwfences:recipes/spruce": {
    "criteria": {
      "has_spruce": "2024-09-01 19:19:22 +0000"
    },
    "done": true
  },
  "mcwfencesbop:recipes/magic": {
    "criteria": {
      "has_acacia": "2024-09-01 19:19:22 +0000"
    },
    "done": true
  },
  "mcwfencesbop:recipes/rainbow_birch_hedge": {
    "criteria": {
      "has_birch": "2024-09-01 19:19:22 +0000"
    },
    "done": true
  },
  "mcwfencesbop:recipes/hellbark": {
    "criteria": {
      "has_acacia": "2024-09-01 19:19:22 +0000"
    },
    "done": true
  },
  "mcwfencesbop:recipes/palm_hedge": {
    "criteria": {
      "has_birch": "2024-09-01 19:19:22 +0000"
    },
    "done": true
  },
  "mcwfencesbop:recipes/jacaranda": {
    "criteria": {
      "has_acacia": "2024-09-01 19:19:22 +0000"
    },
    "done": true
  },
  "mcwfencesbop:recipes/mahogany_hedge": {
    "criteria": {
      "has_birch": "2024-09-01 19:19:22 +0000"
    },
    "done": true
  },
  "mcwfences:recipes/birch": {
    "criteria": {
      "has_birch": "2024-09-01 19:19:22 +0000"
    },
    "done": true
  },
  "mcwfences:recipes/stone": {
    "criteria": {
      "has_stone": "2024-09-01 19:19:22 +0000"
    },
    "done": true
  },
  "mcwfences:recipes/end": {
    "criteria": {
      "has_end_brick": "2024-09-01 19:19:22 +0000"
    },
    "done": true
  },
  "mcwfencesbop:recipes/hellbark_hedge": {
    "criteria": {
      "has_birch": "2024-09-01 19:19:22 +0000"
    },
    "done": true
  },
  "mcwfencesbop:recipes/jacaranda_hedge": {
    "criteria": {
      "has_birch": "2024-09-01 19:19:22 +0000"
    },
    "done": true
  },
  "mcwfencesbop:recipes/umbran_hedge": {
    "criteria": {
      "has_birch": "2024-09-01 19:19:22 +0000"
    },
    "done": true
  },
  "mcwfences:recipes/sandstone": {
    "criteria": {
      "has_sand": "2024-09-01 19:19:22 +0000"
    },
    "done": true
  },
  "mcwfences:recipes/acacia": {
    "criteria": {
      "has_acacia": "2024-09-01 19:19:22 +0000"
    },
    "done": true
  },
  "mcwfencesbop:recipes/dead_hedge": {
    "criteria": {
      "has_birch": "2024-09-01 19:19:22 +0000"
    },
    "done": true
  },
  "mcwfencesbop:recipes/snowblossom_hedge": {
    "criteria": {
      "has_birch": "2024-09-01 19:19:22 +0000"
    },
    "done": true
  },
  "mcwfences:recipes/oak": {
    "criteria": {
      "has_oak": "2024-09-01 19:19:22 +0000"
    },
    "done": true
  },
  "mcwfencesbop:recipes/willow_hedge": {
    "criteria": {
      "has_birch": "2024-09-01 19:19:22 +0000"
    },
    "done": true
  },
  "mcwfences:recipes/mud_brick": {
    "criteria": {
      "has_qq": "2024-09-01 19:19:22 +0000"
    },
    "done": true
  },
  "mcwfences:recipes/blackstone": {
    "criteria": {
      "has_blackstone": "2024-09-01 19:19:22 +0000"
    },
    "done": true
  },
  "mcwfences:recipes/hedge": {
    "criteria": {
      "has_birch": "2024-09-01 19:19:22 +0000"
    },
    "done": true
  },
  "mcwfencesbop:recipes/fir_hedge": {
    "criteria": {
      "has_birch": "2024-09-01 19:19:22 +0000"
    },
    "done": true
  },
  "mcwfencesbop:recipes/fir": {
    "criteria": {
      "has_acacia": "2024-09-01 19:19:22 +0000"
    },
    "done": true
  },
  "mcwfences:recipes/deepslate": {
    "criteria": {
      "has_deepslate": "2024-09-01 19:19:22 +0000"
    },
    "done": true
  },
  "mcwfencesbop:recipes/yellow_autumn_hedge": {
    "criteria": {
      "has_birch": "2024-09-01 19:19:22 +0000"
    },
    "done": true
  },
  "mcwfencesbop:recipes/umbran": {
    "criteria": {
      "has_acacia": "2024-09-01 19:19:22 +0000"
    },
    "done": true
  },
  "mcwfencesbop:recipes/magic_hedge": {
    "criteria": {
      "has_birch": "2024-09-01 19:19:22 +0000"
    },
    "done": true
  },
  "mcwfencesbop:recipes/palm": {
    "criteria": {
      "has_acacia": "2024-09-01 19:19:22 +0000"
    },
    "done": true
  },
  "mcwfencesbop:recipes/redwood_hedge": {
    "criteria": {
      "has_birch": "2024-09-01 19:19:22 +0000"
    },
    "done": true
  },
  "tombstone:adventure/root": {
    "criteria": {
      "auto": "2024-09-01 19:30:30 +0000"
    },
    "done": true
  },
  "mcwroofs:recipes/grass": {
    "criteria": {
      "has_planks": "2024-09-01 19:50:42 +0000"
    },
    "done": true
  },
  "tombstone:recipes/from_grave_key": {
    "criteria": {
      "has_ingredient": "2024-09-01 19:51:08 +0000"
    },
    "done": true
  },
  "dungeons_arise:wda_root": {
    "criteria": {
      "WDA": "2024-09-01 19:44:33 +0000"
    },
    "done": true
  },
  "tombstone:adventure/first_grave": {
    "criteria": {
      "coded_trigger": "2024-09-01 19:51:07 +0000"
    },
    "done": true
  },
  "DataVersion": 3465
}